Stats,num_words,num_unique_words,num_chars,num_stopwords,num_punctuations,num_words_upper,num_words_title,mean_word_len
count,6000.0,6000.0,6000.0,6000.0,6000.0,6000.0,6000.0,5999.0
mean,63.87716666666667,31.516,341.68699999999995,26.26016666666667,4.388333333333334,0.0,4.0235,3.5602275781902875
std,258.0128533956985,90.88753949142748,1425.7427970891242,109.9542971930468,17.614726139939478,0.0,3.2605295467895283,0.8676209082782713
min,0.0,0.0,1.0,0.0,0.0,0.0,0.0,1.0
25%,1.0,1.0,3.0,0.0,0.0,0.0,2.0,3.0
50%,1.0,1.0,3.0,0.0,0.0,0.0,3.0,3.0
75%,21.0,19.0,102.0,8.0,1.0,0.0,5.0,4.076118442227228
max,6687.0,1687.0,39101.0,2792.0,343.0,0.0,24.0,11.0
